{
  "artifacts": [
    {
      "id": "entities.content",
      "mediaType": "application/vnd.sitepack.entity-graph+ndjson",
      "path": "artifacts/entities/content.ndjson",
      "size": 450
    },
    {
      "id": "entities.taxonomy",
      "mediaType": "application/vnd.sitepack.entity-graph+ndjson",
      "path": "artifacts/entities/taxonomy.ndjson",
      "size": 173
    },
    {
      "id": "assets.index",
      "mediaType": "application/vnd.sitepack.asset-index+ndjson",
      "path": "artifacts/assets/index.ndjson",
      "size": 485
    }
  ]
}
