{
  "$schema": "https://json-schema.org/draft/2020-12/schema",
  "$id": "https://sitepack.org/schemas/asset-index.schema.json",
  "title": "SitePack Asset Index Entry",
  "type": "object",
  "required": ["id", "sha256", "size"],
  "properties": {
    "id": { "type": "string", "minLength": 1 },
    "sha256": { "type": "string", "pattern": "^[0-9a-fA-F]{64}$" },
    "size": { "type": "integer", "minimum": 0 },
    "mime": { "type": "string" },
    "originalName": { "type": "string" },
    "path": { "type": "string" }
  },
  "additionalProperties": true
}
