{
  "$schema": "https://json-schema.org/draft/2020-12/schema",
  "$id": "https://sitepack.org/schemas/catalog.schema.json",
  "title": "SitePack Catalog",
  "type": "object",
  "required": ["artifacts"],
  "properties": {
    "artifacts": {
      "type": "array",
      "items": {
        "type": "object",
        "required": ["id", "mediaType", "path", "size"],
        "properties": {
          "id": { "type": "string", "minLength": 1 },
          "mediaType": { "type": "string", "minLength": 1 },
          "path": { "type": "string", "minLength": 1 },
          "size": { "type": "integer", "minimum": 0 },
          "digest": { "type": "string", "pattern": "^sha256:[0-9a-fA-F]{64}$" },
          "annotations": { "type": "object", "additionalProperties": true }
        },
        "additionalProperties": true
      }
    },
    "annotations": { "type": "object", "additionalProperties": true }
  },
  "additionalProperties": true
}
