{
  "$schema": "https://json-schema.org/draft/2020-12/schema",
  "$id": "https://sitepack.org/schemas/entity.schema.json",
  "title": "SitePack Entity",
  "type": "object",
  "required": ["id", "type", "attributes"],
  "properties": {
    "id": { "type": "string", "minLength": 1 },
    "type": { "type": "string", "minLength": 1 },
    "attributes": { "type": "object", "additionalProperties": true },
    "relations": { "type": "object", "additionalProperties": true },
    "source": { "type": "object", "additionalProperties": true },
    "meta": { "type": "object", "additionalProperties": true }
  },
  "additionalProperties": true
}
