{
  "$schema": "https://json-schema.org/draft/2020-12/schema",
  "$id": "https://sitepack.org/schemas/transform-plan.schema.json",
  "title": "SitePack Transform Plan",
  "type": "object",
  "required": ["version", "steps"],
  "properties": {
    "version": { "type": "string", "pattern": "^\\d+\\.\\d+\\.\\d+$" },
    "steps": {
      "type": "array",
      "items": {
        "type": "object",
        "required": ["id", "kind"],
        "properties": {
          "id": { "type": "string", "minLength": 1 },
          "kind": { "type": "string", "minLength": 1 },
          "params": {}
        },
        "additionalProperties": true
      }
    }
  },
  "additionalProperties": true
}
